id_propiedad,id_material,resistencia,elasticidad,conductividad_termica,densidad,diametro_nanoparticulas,espesor_capa,capacidad_absorcion_luz
1,1,370,80,29.0,4.7,36,28,90
2,2,330,115,28.4,3.6,33,27,66
3,3,410,160,32.1,2.5,19,27,81
4,4,280,200,14.3,6.3,19,12,63
5,5,320,110,22.1,2.4,34,18,94
6,6,210,180,28.3,5.7,28,22,73
7,7,180,180,60.0,4.5,44,33,82
8,8,300,150,22.3,5.2,15,32,92
9,9,300,160,43.1,4.8,15,22,76
10,10,340,90,15.3,4.5,45,50,83
11,11,260,175,25.1,4.6,45,40,90
12,12,200,160,22.1,4.0,44,27,62
13,13,310,180,17.2,1.2,52,22,71
14,14,220,125,58.0,5.7,52,38,73
15,15,240,155,36.7,5.1,40,37,68
16,16,250,110,31.4,4.5,54,48,90
17,17,500,185,29.7,5.6,39,13,66
18,18,410,250,14.2,3.3,31,44,76
19,19,310,130,50.0,4.0,23,24,50
20,20,200,130,29.7,3.1,40,24,82
21,21,270,190,17.8,4.4,33,50,89
22,22,380,160,100.0,3.4,18,18,68
23,23,230,210,19.1,7.1,15,27,60
24,24,270,150,15.5,1.2,10,15,82
25,25,270,145,34.7,4.0,21,22,73
26,26,410,185,22.4,6.1,27,30,59
27,27,250,125,48.2,4.0,50,8,82
28,28,310,195,33.5,8.3,25,20,81
29,29,290,165,42.5,6.0,12,38,91
30,30,230,140,48.2,2.2,26,14,71
31,31,210,175,22.3,5.9,46,25,83
32,32,270,150,45.1,2.8,19,40,54
33,33,390,140,35.6,7.5,45,12,83
34,34,380,165,21.9,7.0,33,30,89
35,35,220,140,15.3,7.1,19,38,78
36,36,360,135,19.5,6.0,29,35,66
37,37,400,170,17.2,7.0,28,36,88
38,38,270,140,24.5,2.2,22,35,66
39,39,310,130,23.7,2.2,52,48,81
40,40,380,100,31.4,6.0,36,28,58
41,41,280,110,22.1,3.0,34,23,66
42,42,360,140,30.2,5.1,26,14,85
43,43,410,130,65.3,2.9,34,20,86
44,44,260,180,18.1,3.4,42,22,72
45,45,400,155,52.1,4.7,37,22,82
46,46,290,175,20.0,3.6,31,17,84
47,47,270,110,20.7,4.7,10,12,82
48,48,220,130,50.0,2.7,27,11,80
49,49,220,160,30.2,5.7,40,33,81
50,50,330,140,25.4,7.2,45,28,87
51,51,270,150,29.7,2.5,42,23,89
52,52,380,120,20.5,3.4,39,42,82
53,53,450,135,35.8,5.2,26,21,61
54,54,230,140,25.4,2.6,10,27,49
55,55,220,170,20.5,2.7,55,42,62
56,56,270,145,60.0,6.0,48,44,74
57,57,250,110,19.5,3.8,22,14,69
58,58,220,120,19.7,2.4,18,30,89
59,59,290,180,45.1,4.6,20,35,61
60,60,410,150,28.4,3.2,22,15,68
61,61,410,175,11.7,3.0,21,15,95
62,62,320,175,15.2,2.5,30,25,69
63,63,300,145,45.1,1.4,19,14,80
64,64,370,150,31.5,4.0,37,12,75
65,65,310,135,55.6,7.2,55,8,53
66,66,270,130,58.0,9.5,20,42,80
67,67,240,125,18.7,3.8,22,17,72
68,68,370,125,33.5,3.4,10,10,64
69,69,290,120,52.1,2.8,23,22,56
70,70,360,140,20.6,4.0,12,38,73
71,71,400,120,22.4,1.6,15,60,55
72,72,330,160,25.1,2.2,20,11,68
73,73,280,130,55.0,7.6,35,8,88
74,74,260,130,19.2,4.6,41,40,77
75,75,230,190,14.3,4.6,28,39,53
76,76,210,175,30.7,3.9,32,20,64
77,77,220,140,15.2,4.4,28,10,81
78,78,270,160,18.4,7.0,24,18,87
79,79,360,135,36.7,2.5,39,15,66
80,80,240,155,24.7,1.5,10,27,81
81,81,270,130,30.2,6.8,48,48,75
82,82,310,110,24.7,6.8,28,14,83
83,83,340,185,10.4,1.8,28,42,88
84,84,200,155,12.4,5.7,50,48,70
85,85,210,140,30.2,4.6,40,10,66
86,86,450,130,19.7,7.2,27,17,70
87,87,270,145,35.8,1.2,42,17,95
88,88,300,130,65.8,1.0,40,20,83
89,89,290,155,100.0,2.8,47,8,54
90,90,220,140,65.8,4.7,55,60,83
91,91,250,155,35.6,2.5,49,14,67
92,92,270,170,34.7,5.2,30,20,60
93,93,310,125,19.2,4.7,18,42,82
94,94,420,135,18.1,5.2,52,40,73
95,95,300,140,35.8,2.7,29,60,81
96,96,500,130,20.5,3.8,12,33,54
97,97,320,80,16.8,1.8,17,18,83
98,98,360,200,23.4,3.3,22,45,93
99,99,210,115,13.7,6.3,54,27,78
100,100,200,140,35.6,5.0,11,21,61
101,101,410,110,24.3,4.5,35,55,81
102,102,210,160,10.9,1.0,17,45,78
103,103,240,110,17.2,2.2,24,33,72
104,104,270,200,15.5,4.8,27,12,64
105,105,390,125,21.4,5.5,25,55,93
106,106,220,180,30.7,9.5,59,28,86
107,107,300,120,46.2,3.0,29,62,90
108,108,220,125,19.1,3.2,19,33,64
109,109,410,160,20.5,3.4,26,30,61
110,110,380,145,33.8,5.0,50,20,84
111,111,350,120,14.9,4.3,28,37,88
112,112,150,125,60.3,9.5,60,27,67
113,113,400,165,51.9,9.5,28,30,56
114,114,310,140,50.1,1.1,55,24,87
115,115,270,145,21.4,3.9,44,42,75
116,116,260,110,65.8,2.1,59,14,78
117,117,210,160,12.5,1.0,24,36,88
118,118,320,165,48.2,5.1,54,35,65
119,119,290,115,48.5,1.2,15,28,92
120,120,220,220,19.2,3.4,18,12,67
121,121,360,160,14.8,2.8,44,12,68
122,122,270,150,23.4,2.9,37,39,64
123,123,260,110,48.5,5.4,26,35,65
124,124,400,105,46.2,2.1,41,5,73
125,125,350,200,11.7,1.5,52,14,93
126,126,300,140,30.7,2.5,44,18,82
127,127,420,165,60.3,2.8,15,34,68
128,128,300,130,39.7,5.3,15,20,61
129,129,240,200,17.9,6.5,50,42,88
130,130,280,150,19.2,4.1,24,8,92
131,131,240,160,55.6,5.7,33,40,84
132,132,420,185,32.1,7.0,25,25,67
133,133,310,155,25.1,6.8,50,44,88
134,134,150,135,19.5,2.2,38,39,54
135,135,300,175,22.1,3.0,10,10,93
136,136,290,130,48.5,8.5,20,32,90
137,137,410,175,60.0,1.4,44,12,85
138,138,340,100,21.4,2.3,55,20,78
139,139,240,130,65.8,2.8,19,40,74
140,140,300,175,15.3,1.2,22,35,80
141,141,350,135,10.4,6.7,19,45,91
142,142,240,120,10.9,1.6,59,30,82
143,143,290,130,15.7,3.6,14,55,74
144,144,380,120,23.7,4.0,55,24,61
145,145,290,200,19.1,3.6,50,10,83
146,146,310,160,20.7,4.8,48,48,66
147,147,290,120,38.1,8.3,44,22,59
148,148,370,120,48.5,7.6,49,46,88
149,149,210,145,65.3,3.3,10,62,73
150,150,220,150,30.7,4.5,22,17,65
151,151,260,125,11.7,3.1,52,20,89
152,152,330,140,19.5,2.6,24,15,89
153,153,250,150,30.2,3.0,22,20,83
154,154,290,130,14.3,3.1,15,62,61
155,155,390,90,29.7,5.4,27,28,92
156,156,310,170,30.2,1.9,27,18,62
157,157,340,175,38.1,4.9,18,22,86
158,158,270,155,13.7,3.3,14,27,64
159,159,210,175,29.7,3.2,33,50,94
160,160,220,150,18.6,3.6,43,13,89
161,161,200,125,31.4,3.6,23,18,90
162,162,270,120,19.5,4.1,45,39,76
163,163,210,160,55.6,3.6,45,12,65
164,164,330,195,100.0,4.8,12,25,82
165,165,350,145,39.7,7.2,30,48,91
166,166,210,140,12.5,5.4,29,24,88
167,167,220,155,48.2,2.9,32,42,85
168,168,380,125,30.2,3.9,21,32,92
169,169,310,110,26.1,3.3,42,14,90
170,170,360,210,25.4,6.7,31,48,73
171,171,240,130,36.7,7.0,34,18,95
172,172,360,140,20.6,3.0,20,14,66
173,173,290,225,30.2,3.9,19,15,66
174,174,250,145,24.7,2.8,29,38,67
175,175,320,130,100.0,3.0,42,22,82
176,176,360,150,14.3,4.1,19,30,78
177,177,400,175,29.0,6.1,32,5,77
178,178,210,200,34.7,7.2,58,34,86
179,179,330,130,29.7,3.8,40,60,92
180,180,300,185,20.6,3.1,26,50,77
181,181,220,155,29.7,6.8,36,12,95
182,182,300,220,10.4,5.0,33,27,82
183,183,300,150,45.1,4.0,27,62,61
184,184,320,140,23.7,2.6,28,18,90
185,185,390,165,19.2,2.5,48,5,54
186,186,420,250,18.2,1.2,29,13,61
187,187,210,250,52.1,6.0,15,27,89
188,188,220,140,17.2,9.5,40,5,85
189,189,270,145,15.5,5.6,16,13,75
190,190,150,180,30.2,6.5,55,36,78
191,191,240,125,21.4,2.1,33,8,92
192,192,260,150,31.4,2.1,49,15,75
193,193,360,175,22.4,1.2,46,10,66
194,194,290,80,36.7,6.2,52,30,87
195,195,340,130,20.5,5.9,44,50,85
196,196,450,120,46.2,2.1,27,62,54
197,197,250,160,60.0,5.5,35,20,64
198,198,390,110,19.5,1.1,46,45,92
199,199,220,120,60.0,2.1,34,15,59
200,200,150,135,28.3,6.1,44,28,79
201,201,400,180,18.6,3.2,15,12,81
202,202,270,250,22.1,3.9,22,20,82
203,203,230,110,65.8,5.5,18,8,67
204,204,210,175,28.0,4.0,26,27,82
205,205,210,200,28.3,4.0,48,35,62
206,206,270,80,18.6,2.7,25,38,81
207,207,230,200,19.8,3.7,18,8,69
208,208,210,135,14.8,4.5,32,20,76
209,209,200,130,19.8,5.1,36,50,85
210,210,410,160,17.2,4.4,55,28,68
211,211,220,150,20.1,4.0,52,18,92
212,212,220,125,58.0,2.1,10,14,92
213,213,290,100,35.6,2.4,12,30,92
214,214,180,160,65.8,3.1,39,17,72
215,215,290,180,51.9,4.9,40,45,74
216,216,210,120,50.0,6.8,26,15,78
217,217,330,190,30.2,8.3,36,35,73
218,218,340,175,24.7,2.8,10,18,88
219,219,310,155,26.1,5.1,15,32,65
220,220,350,125,36.7,4.6,20,30,65
221,221,410,160,15.2,2.6,16,30,78
222,222,220,135,11.7,9.5,15,33,66
223,223,230,100,10.2,5.1,26,28,74
224,224,410,175,14.9,4.4,20,32,75
225,225,340,210,30.7,2.5,25,42,85
226,226,220,130,19.1,2.1,13,40,81
227,227,230,160,20.6,3.1,41,40,89
228,228,260,190,24.5,7.5,55,48,76
229,229,270,225,35.6,2.3,25,39,79
230,230,250,130,19.7,8.0,33,12,68
231,231,320,180,60.3,4.5,34,5,82
232,232,240,155,52.1,3.2,19,24,78
233,233,280,125,20.1,2.8,52,30,81
234,234,410,175,60.0,2.8,19,32,95
235,235,390,120,22.3,5.1,10,27,89
236,236,260,220,38.1,4.0,15,30,68
237,237,420,135,22.1,5.5,12,25,66
238,238,290,175,29.0,5.0,37,15,92
239,239,260,140,17.8,3.2,18,25,82
240,240,330,135,28.0,3.4,20,22,78
241,241,330,125,22.1,3.3,35,22,92
242,242,230,145,16.8,3.6,10,27,64
243,243,220,170,18.6,5.0,27,28,92
244,244,310,190,58.0,4.0,46,12,81
245,245,400,160,22.6,3.1,52,45,59
246,246,310,125,17.8,8.3,28,45,68
247,247,350,140,45.1,3.4,19,10,77
248,248,250,135,15.5,3.8,15,42,92
249,249,450,125,11.7,4.3,52,29,81
250,250,290,250,32.1,4.5,50,38,81
251,251,290,130,58.0,7.6,11,27,87
252,252,410,170,23.7,3.9,36,50,76
253,253,320,120,33.5,8.5,29,5,66
254,254,210,155,15.3,1.9,29,60,90
255,255,310,135,19.2,5.0,14,20,67
256,256,270,125,20.5,2.4,12,12,76
257,257,200,195,20.5,2.1,40,38,68
258,258,320,155,10.2,3.6,11,42,88
259,259,210,180,18.4,3.6,36,30,81
260,260,360,140,17.2,3.6,25,32,65
261,261,240,250,26.8,2.8,21,40,55
262,262,270,130,30.2,2.9,40,8,80
263,263,240,150,10.2,3.1,33,29,92
264,264,500,190,15.3,2.8,39,33,82
265,265,250,125,19.5,2.2,44,55,94
266,266,270,190,51.9,3.8,55,5,88
267,267,450,140,21.9,1.2,26,22,75
268,268,290,155,22.3,4.7,21,36,56
269,269,350,200,19.2,3.8,37,25,70
270,270,370,155,26.8,1.0,55,29,64
271,271,500,160,25.1,5.9,17,40,72
272,272,360,120,48.2,1.8,26,35,67
273,273,210,110,16.4,6.1,27,39,92
274,274,210,125,19.5,5.7,14,50,77
275,275,310,125,30.2,2.8,30,11,92
276,276,220,135,24.5,8.3,55,20,77
277,277,260,130,52.1,7.6,21,42,74
278,278,290,125,31.4,1.2,42,8,56
279,279,420,155,33.8,2.5,52,5,77
280,280,240,110,36.7,1.6,24,38,69
281,281,240,145,15.3,3.2,21,18,65
282,282,500,175,46.2,5.1,15,8,82
283,283,230,125,41.9,2.9,34,12,84
284,284,290,170,31.4,3.4,60,20,62
285,285,410,140,26.1,1.0,42,22,92
286,286,370,165,33.5,2.2,29,17,72
287,287,320,140,40.3,2.5,41,44,54
288,288,290,155,22.4,2.5,40,15,84
289,289,410,110,15.7,2.6,39,15,85
290,290,390,170,20.6,5.2,49,25,60
291,291,210,180,18.4,2.7,15,8,64
292,292,330,190,19.2,2.1,23,60,75
293,293,210,180,33.5,6.0,27,20,66
294,294,300,110,55.6,4.5,34,34,71
295,295,240,85,51.9,1.8,32,13,77
296,296,370,140,19.1,4.3,24,38,73
297,297,330,200,29.0,6.1,30,34,50
298,298,270,165,50.1,4.2,50,45,72
299,299,280,110,18.7,5.6,21,8,69
300,300,310,130,16.8,5.2,22,23,90
301,301,350,220,13.7,3.2,58,14,75
302,302,220,210,27.8,1.1,16,35,58
303,303,350,115,21.9,1.4,41,19,66
304,304,310,180,12.5,7.0,27,15,79
305,305,410,185,19.1,5.4,19,8,86
306,306,210,250,40.3,4.5,22,42,74
307,307,290,110,36.7,1.5,35,18,86
308,308,360,135,30.2,1.8,42,62,74
309,309,230,110,20.1,4.0,50,22,66
310,310,350,85,27.8,4.8,29,14,75
311,311,310,145,24.3,3.3,46,22,93
312,312,290,165,18.6,2.5,45,32,64
313,313,300,195,14.9,2.4,18,20,74
314,314,380,165,10.2,5.4,30,21,68
315,315,260,170,10.4,1.5,39,45,90
316,316,410,160,38.1,2.9,20,13,53
317,317,320,125,24.5,2.3,38,11,87
318,318,220,140,27.8,5.0,47,40,89
319,319,280,140,18.4,4.7,10,12,93
320,320,240,200,17.8,4.0,48,38,75
321,321,360,150,24.3,3.3,40,14,70
322,322,290,130,58.0,3.1,40,48,83
323,323,400,140,21.0,5.4,18,42,80
324,324,240,160,12.4,1.4,15,34,89
325,325,290,135,15.5,3.3,30,25,72
326,326,410,90,29.7,6.1,15,25,70
327,327,280,145,15.5,3.2,18,10,62
328,328,250,145,18.6,5.4,52,35,92
329,329,320,80,12.5,5.2,30,55,88
330,330,180,170,28.3,6.7,29,27,73
331,331,260,175,20.7,3.1,23,14,76
332,332,230,145,14.9,2.8,45,15,87
333,333,310,140,21.4,4.9,55,48,88
334,334,290,125,28.3,5.8,50,12,60
335,335,210,80,15.7,4.4,44,20,54
336,336,230,225,29.7,7.5,22,48,59
337,337,290,135,11.7,3.0,10,35,72
338,338,240,210,24.5,7.1,10,22,82
339,339,270,125,34.7,7.1,43,28,80
340,340,380,130,34.7,4.4,39,11,82
341,341,360,145,60.3,8.0,55,19,49
342,342,290,125,15.7,3.3,10,45,63
343,343,230,110,60.3,5.2,24,30,90
344,344,150,130,60.0,2.1,15,27,76
345,345,210,195,10.2,4.5,34,55,77
346,346,260,115,24.7,3.7,37,30,63
347,347,330,210,48.2,4.9,36,38,68
348,348,330,150,17.9,4.0,47,30,55
349,349,220,130,35.6,7.0,40,5,89
350,350,150,140,14.9,4.4,39,30,75
351,351,290,160,14.2,5.4,15,13,76
352,352,360,125,18.1,6.5,48,12,78
353,353,360,125,18.7,2.1,52,60,81
354,354,270,175,15.5,3.8,15,39,87
355,355,270,85,12.5,2.5,20,30,87
356,356,360,105,36.7,5.6,15,11,54
357,357,260,100,24.3,1.8,55,40,69
358,358,340,135,19.1,3.3,12,32,64
359,359,250,185,17.2,5.5,44,27,93
360,360,350,180,31.5,3.9,41,33,80
361,361,200,190,26.8,5.7,43,50,78
362,362,350,125,20.0,1.8,34,17,90
363,363,230,140,10.2,7.0,45,8,82
364,364,310,145,20.1,7.2,35,24,90
365,365,310,130,17.9,9.5,40,62,88
366,366,290,140,17.9,7.1,20,48,56
367,367,360,190,25.4,6.1,26,38,65
368,368,200,100,34.7,4.0,40,34,89
369,369,300,135,33.8,5.2,17,40,85
370,370,220,210,11.7,4.7,20,60,85
371,371,200,195,55.6,2.6,29,24,72
372,372,400,140,35.6,1.8,12,50,91
373,373,410,190,14.9,1.4,48,21,91
374,374,200,165,17.0,2.8,55,19,84
375,375,230,140,19.5,3.1,24,18,88
376,376,250,160,11.7,2.1,50,10,55
377,377,310,195,25.4,4.1,20,33,81
378,378,300,110,45.7,4.7,30,28,69
379,379,350,135,33.5,2.9,24,40,62
380,380,320,130,10.9,6.0,20,21,83
381,381,350,195,20.5,9.5,11,27,69
382,382,410,85,100.0,3.0,50,20,88
383,383,350,185,20.6,4.9,36,32,90
384,384,240,160,100.0,2.7,40,14,89
385,385,310,155,33.8,1.2,26,35,69
386,386,210,160,10.4,4.7,20,42,92
387,387,300,140,19.7,7.0,10,15,82
388,388,150,160,21.9,6.7,12,32,82
389,389,320,185,21.9,9.5,55,42,92
390,390,450,225,65.3,3.0,20,60,81
391,391,330,125,16.8,3.6,35,25,84
392,392,380,175,30.2,4.6,32,15,53
393,393,260,125,16.8,2.1,23,20,68
394,394,220,195,19.2,2.9,18,25,56
395,395,250,140,18.1,2.4,15,29,70
396,396,300,160,28.0,1.9,26,22,69
397,397,210,100,21.9,4.0,29,42,82
398,398,300,160,17.0,1.5,52,50,53
399,399,240,145,40.3,4.2,13,25,68
400,400,500,135,17.0,3.0,26,22,82
401,401,250,110,58.0,3.6,55,12,60
402,402,240,110,24.7,7.5,14,18,68
403,403,320,130,30.7,6.7,20,32,75
404,404,350,180,65.8,4.3,29,20,82
405,405,380,185,13.7,3.3,27,12,93
406,406,350,175,10.2,3.1,26,28,66
407,407,180,250,20.6,4.1,19,25,85
408,408,310,115,20.5,4.5,26,33,80
409,409,310,145,10.9,8.3,38,55,68
410,410,210,125,28.4,4.3,19,15,65
411,411,270,175,18.1,5.5,46,60,86
412,412,220,160,23.7,4.1,54,17,87
413,413,240,140,18.4,3.8,42,20,86
414,414,150,150,41.9,3.4,32,5,77
415,415,220,135,15.2,4.8,35,48,69
416,416,240,150,17.2,3.7,20,22,68
417,417,240,200,65.3,2.9,45,30,66
418,418,330,110,52.1,3.9,26,22,74
419,419,410,200,17.9,5.2,18,11,67
420,420,400,110,10.9,2.1,28,17,55
421,421,240,135,48.5,3.1,47,27,86
422,422,290,200,19.7,5.0,24,21,70
423,423,250,130,16.4,4.1,12,11,71
424,424,370,115,22.1,3.1,37,29,73
425,425,300,200,34.7,4.5,20,34,77
426,426,410,125,48.2,4.0,52,10,82
427,427,410,110,19.7,2.7,28,22,66
428,428,290,135,30.2,5.2,55,15,86
429,429,270,140,100.0,8.5,21,18,91
430,430,420,190,15.7,4.5,52,17,75
431,431,410,150,34.7,3.9,44,32,64
432,432,270,175,10.2,1.4,20,27,58
433,433,330,155,45.1,3.7,40,42,95
434,434,150,85,23.7,3.6,40,12,55
435,435,390,125,25.4,2.6,30,17,90
436,436,240,165,22.1,5.7,36,40,71
437,437,200,185,28.0,3.9,59,10,92
438,438,450,200,20.5,5.0,46,17,59
439,439,500,150,20.0,4.9,52,8,75
440,440,210,155,13.7,7.2,10,35,61
441,441,450,200,45.1,6.8,60,50,65
442,442,330,135,24.5,3.8,29,22,66
443,443,290,115,22.1,5.7,18,42,92
444,444,320,125,15.5,3.8,59,15,80
445,445,240,140,41.9,2.8,29,33,78
446,446,420,200,100.0,4.1,50,50,66
447,447,310,165,14.8,4.1,39,60,64
448,448,180,155,23.4,4.5,54,8,80
449,449,420,165,60.3,4.6,24,29,78
450,450,410,160,35.6,3.4,32,39,69
451,451,290,160,21.4,1.9,45,25,87
452,452,260,130,55.6,4.9,17,35,50
453,453,270,80,26.8,1.4,27,35,86
454,454,200,85,30.2,3.4,40,15,85
455,455,250,150,18.2,3.2,20,23,49
456,456,450,170,24.7,4.4,21,22,93
457,457,210,135,33.5,2.0,48,14,88
458,458,310,200,30.2,2.6,12,22,64
459,459,270,200,50.0,1.2,29,12,64
460,460,210,150,10.2,4.8,21,39,89
461,461,290,130,65.8,7.6,50,20,73
462,462,400,110,17.9,3.7,26,12,87
463,463,300,115,22.6,2.6,12,37,78
464,464,220,140,15.5,1.8,39,42,66
465,465,270,120,28.3,3.2,14,22,77
466,466,410,120,21.0,4.7,15,20,60
467,467,270,130,14.8,3.8,14,36,77
468,468,390,145,19.1,3.6,33,29,87
469,469,280,140,50.0,2.5,46,35,50
470,470,280,165,10.4,2.5,29,34,93
471,471,220,175,60.3,4.5,30,22,68
472,472,200,160,43.1,3.1,49,48,88
473,473,320,130,23.7,2.9,28,17,66
474,474,180,130,34.7,3.2,50,50,63
475,475,360,195,33.8,5.3,24,11,65
476,476,230,180,35.8,6.0,19,34,74
477,477,230,145,18.6,3.9,18,25,81
478,478,280,140,18.7,3.3,35,15,68
479,479,250,130,52.1,2.3,34,45,64
480,480,280,180,48.2,4.5,30,15,82
481,481,370,135,17.0,6.8,40,12,84
482,482,210,150,15.2,3.8,39,37,85
483,483,310,170,20.0,1.6,34,19,54
484,484,400,200,45.7,5.7,55,48,62
485,485,240,155,24.7,7.2,14,55,67
486,486,360,180,15.3,4.1,14,22,87
487,487,310,125,22.6,2.5,15,12,81
488,488,240,145,17.9,4.0,15,44,93
489,489,320,130,19.2,6.0,22,50,80
490,490,340,210,24.3,4.5,32,39,62
491,491,180,185,16.8,2.5,21,25,87
492,492,240,160,29.0,4.0,34,21,65
493,493,290,160,25.1,1.8,50,15,77
494,494,320,140,18.4,2.0,17,50,90
495,495,390,135,20.1,5.6,15,15,77
496,496,320,155,23.7,4.1,19,40,65
497,497,270,135,20.0,2.7,12,32,68
498,498,300,185,100.0,2.9,37,10,53
499,499,300,175,18.4,2.4,27,24,54
500,500,230,110,25.4,4.5,34,30,81
501,501,210,140,12.5,2.9,50,50,85
502,502,290,165,58.0,3.9,47,55,73
503,503,280,160,29.7,4.2,45,50,78
504,504,290,200,50.0,8.0,20,22,61
505,505,150,140,36.7,8.5,15,29,64
506,506,210,140,19.2,5.4,28,20,59
507,507,220,85,43.1,6.2,33,42,54
508,508,150,150,20.0,5.8,34,42,65
509,509,410,125,24.7,3.6,39,21,80
510,510,340,140,46.2,4.0,16,14,82
511,511,300,250,15.2,5.1,55,33,64
512,512,210,130,19.8,3.0,12,28,56
513,513,250,140,24.7,2.8,50,44,92
514,514,270,120,50.0,9.5,55,38,68
515,515,290,195,22.1,3.1,20,12,62
516,516,230,190,19.5,3.6,16,33,85
517,517,450,135,16.8,4.4,32,10,61
518,518,180,175,52.1,3.1,15,12,73
519,519,280,155,10.2,1.8,43,40,63
520,520,210,180,27.8,5.3,52,8,76
521,521,260,185,12.5,4.0,20,40,80
522,522,370,100,33.8,4.9,28,21,66
523,523,280,125,18.7,2.8,22,5,75
524,524,400,145,52.1,6.1,26,11,89
525,525,390,135,10.4,3.3,32,37,54
526,526,270,125,24.3,4.0,20,25,72
527,527,250,160,19.5,5.5,54,12,64
528,528,240,155,12.4,3.6,21,17,93
529,529,390,200,18.7,7.0,17,22,75
530,530,210,85,19.7,3.6,49,30,89
531,531,400,150,50.0,2.9,25,34,81
532,532,450,155,28.3,6.0,20,30,92
533,533,450,175,33.5,6.7,54,20,75
534,534,330,180,25.4,2.7,20,60,70
535,535,350,135,51.9,2.8,10,50,86
536,536,390,175,18.1,3.0,50,35,80
537,537,370,155,39.7,4.4,29,34,85
538,538,320,130,30.2,1.5,15,38,67
539,539,290,130,26.1,1.2,34,30,92
540,540,240,125,17.8,1.9,26,28,65
541,541,390,150,20.6,5.9,24,15,54
542,542,370,115,15.3,5.6,10,14,91
543,543,280,210,52.1,2.9,10,5,74
544,544,320,200,31.4,4.1,58,12,62
545,545,310,210,15.2,5.4,32,8,66
546,546,310,135,33.5,6.2,46,20,73
547,547,500,125,12.4,4.5,29,29,68
548,548,380,120,34.7,7.1,41,50,81
549,549,350,165,24.5,5.2,12,18,69
550,550,270,185,15.7,1.8,22,14,76
551,551,270,160,24.7,5.5,15,25,56
552,552,220,130,16.8,4.7,28,39,74
553,553,280,170,39.7,2.8,10,40,65
554,554,230,165,19.7,2.1,18,28,90
555,555,410,165,45.7,1.9,42,12,86
556,556,310,175,48.5,5.2,55,37,73
557,557,310,125,28.4,2.7,41,27,49
558,558,390,155,22.1,6.0,22,39,92
559,559,220,165,18.1,4.8,35,22,55
560,560,220,170,25.1,5.1,18,24,87
561,561,350,120,33.8,3.2,40,5,72
562,562,300,130,19.7,4.7,33,20,71
563,563,330,225,29.0,2.1,15,38,91
564,564,360,110,22.3,6.7,12,37,65
565,565,410,110,10.9,4.1,11,55,60
566,566,240,150,15.2,5.3,45,30,49
567,567,270,150,33.8,6.2,44,55,69
568,568,330,135,42.5,5.3,36,8,89
569,569,300,135,12.5,3.1,60,18,73
570,570,180,140,10.2,5.4,46,19,93
571,571,240,180,36.7,5.9,15,10,67
572,572,330,125,55.6,3.8,59,27,50
573,573,280,190,65.8,5.5,46,15,59
574,574,410,110,33.8,4.4,20,11,75
575,575,220,200,21.4,2.6,12,40,77
576,576,270,135,18.4,1.0,60,40,67
577,577,280,95,20.0,1.5,32,28,75
578,578,270,145,33.8,2.3,49,8,93
579,579,290,135,30.2,7.6,28,39,65
580,580,310,135,23.4,2.2,21,27,88
581,581,270,195,30.7,5.6,50,37,92
582,582,450,110,28.3,4.9,48,39,50
583,583,290,130,15.7,2.8,38,22,92
584,584,310,195,45.7,6.1,55,13,53
585,585,210,225,10.4,4.5,12,30,67
586,586,400,145,10.2,6.7,45,27,64
587,587,450,180,22.6,4.3,10,12,66
588,588,320,170,18.4,3.0,55,22,61
589,589,280,175,20.0,4.4,23,34,64
590,590,270,185,22.6,5.5,34,27,66
591,591,260,140,10.9,3.9,17,15,61
592,592,280,120,18.2,3.1,17,55,86
593,593,380,155,24.7,5.1,32,15,76
594,594,210,160,23.7,3.9,60,11,92
595,595,260,120,50.1,2.9,15,44,64
596,596,310,210,48.2,2.4,12,38,85
597,597,400,195,10.2,3.0,19,11,61
598,598,310,175,33.5,6.8,44,20,72
599,599,380,190,27.8,7.2,35,38,65
600,600,320,140,14.8,4.9,16,8,70
601,601,410,180,20.5,2.8,58,48,50
602,602,230,180,20.0,4.8,12,25,76
603,603,410,140,31.5,8.5,49,28,86
604,604,300,85,33.8,3.9,45,38,78
605,605,290,225,22.1,6.7,59,34,68
606,606,240,140,18.1,9.5,29,12,59
607,607,360,180,10.4,3.4,29,33,75
608,608,400,170,16.8,4.0,15,60,80
609,609,350,200,20.0,1.4,22,8,92
610,610,220,130,25.4,2.7,36,17,80
611,611,290,200,14.8,3.0,30,17,81
612,612,340,130,22.4,1.4,26,10,77
613,613,270,160,18.6,3.8,12,42,82
614,614,250,85,33.8,5.9,33,12,93
615,615,290,195,55.0,1.1,28,30,72
616,616,300,110,39.7,5.4,34,35,55
617,617,370,175,100.0,5.3,15,32,80
618,618,280,160,50.0,4.7,42,55,70
619,619,310,80,24.3,4.9,22,55,63
620,620,500,150,20.0,4.9,50,20,66
621,621,400,180,46.2,5.2,27,33,64
622,622,270,180,19.8,2.2,36,39,91
623,623,290,110,10.4,2.1,29,45,82
624,624,250,175,26.8,8.0,60,38,86
625,625,270,180,48.5,2.0,26,46,92
626,626,310,185,36.7,4.0,45,45,83
627,627,330,140,28.4,3.4,27,27,86
628,628,390,145,17.0,4.7,52,27,92
629,629,360,120,18.4,4.7,25,12,70
630,630,280,125,20.0,4.8,20,32,78
631,631,240,125,20.5,2.6,14,38,73
632,632,230,160,14.3,5.6,40,27,73
633,633,210,80,13.7,6.0,10,17,71
634,634,270,110,15.2,6.0,15,22,78
635,635,390,160,38.1,2.5,12,10,50
636,636,410,250,27.8,7.6,23,45,78
637,637,230,150,21.9,2.3,55,24,76
638,638,310,140,31.5,1.9,12,35,82
639,639,300,130,55.0,8.0,29,45,74
640,640,370,135,13.7,4.0,18,27,93
641,641,290,160,29.7,3.1,32,27,55
642,642,410,130,17.0,6.0,29,12,79
643,643,420,110,24.7,2.1,18,62,69
644,644,220,110,22.4,5.0,26,12,61
645,645,450,220,12.4,6.8,47,45,76
646,646,390,110,20.5,4.7,27,15,92
647,647,280,165,14.3,4.6,50,18,85
648,648,270,155,19.7,4.0,55,15,69
649,649,310,160,40.3,3.3,20,55,85
650,650,270,90,100.0,2.0,15,55,56
651,651,200,135,60.0,5.8,15,39,91
652,652,300,145,16.4,8.5,35,15,92
653,653,270,125,22.6,5.5,27,20,87
654,654,400,155,52.1,6.3,55,48,87
655,655,400,85,17.2,5.9,27,29,81
656,656,320,135,29.0,2.4,29,46,53
657,657,320,135,42.5,3.4,29,40,82
658,658,350,120,15.7,7.2,16,10,56
659,659,250,140,13.7,5.4,34,20,90
660,660,290,200,51.9,8.0,31,17,62
661,661,290,120,12.5,4.5,21,35,91
662,662,240,200,27.8,2.3,15,36,63
663,663,350,115,38.1,5.5,36,10,62
664,664,500,115,52.1,1.8,28,20,87
665,665,250,130,20.7,1.0,14,35,60
666,666,290,130,18.1,3.1,40,50,49
667,667,380,180,26.8,5.5,29,12,88
668,668,290,165,34.7,2.1,50,12,69
669,669,290,140,36.7,3.4,40,38,60
670,670,270,80,17.8,4.4,48,22,56
671,671,410,135,49.6,5.8,11,12,85
672,672,300,155,14.9,5.2,23,46,90
673,673,290,120,22.4,4.1,54,40,60
674,674,220,160,50.1,6.1,22,8,80
675,675,450,135,29.0,6.1,52,10,90
676,676,360,90,14.9,6.1,18,38,88
677,677,240,120,48.5,2.8,30,17,54
678,678,360,140,15.3,3.9,50,55,72
679,679,260,135,48.2,6.1,30,18,77
680,680,380,150,65.3,3.0,35,18,92
681,681,300,165,23.7,2.8,52,22,86
682,682,330,175,35.6,6.5,26,38,85
683,683,500,135,22.3,8.3,14,18,85
684,684,410,140,27.8,5.4,20,29,67
685,685,320,130,34.7,4.5,54,18,64
686,686,410,165,20.0,3.6,43,12,64
687,687,250,120,43.1,7.1,42,39,73
688,688,330,180,55.6,3.1,36,34,77
689,689,210,85,20.0,2.9,15,45,65
690,690,250,140,10.9,3.3,16,30,72
691,691,310,130,21.9,3.1,29,12,83
692,692,220,170,14.8,2.2,32,20,75
693,693,230,135,29.7,4.8,45,15,79
694,694,250,135,18.2,6.0,12,55,94
695,695,260,140,35.8,5.7,28,62,84
696,696,270,125,22.6,5.2,54,8,76
697,697,240,125,20.0,5.2,44,20,70
698,698,240,200,32.1,5.1,15,20,82
699,699,290,175,35.6,3.0,49,24,90
700,700,250,140,20.7,3.2,36,11,89
701,701,200,180,20.7,2.9,13,10,81
702,702,270,195,17.9,4.8,34,38,54
703,703,260,100,32.1,4.9,46,42,77
704,704,350,110,17.8,5.4,30,18,70
705,705,290,85,14.3,4.0,58,8,73
706,706,290,170,49.6,7.5,29,27,92
707,707,320,130,65.3,3.1,12,44,78
708,708,320,200,19.5,6.2,30,34,50
709,709,320,140,20.0,3.7,12,28,82
710,710,410,150,31.4,2.1,55,40,69
711,711,420,130,14.8,4.7,34,23,72
712,712,270,210,14.2,2.7,14,5,65
713,713,230,110,14.2,5.8,12,14,80
714,714,310,140,18.7,3.4,22,35,83
715,715,330,155,51.9,2.1,24,38,82
716,716,290,160,24.7,2.0,45,14,90
717,717,210,150,23.7,4.0,40,36,90
718,718,310,120,33.5,7.1,12,38,85
719,719,300,160,11.7,1.8,36,14,60
720,720,210,150,43.1,5.0,26,42,92
721,721,270,140,22.4,8.0,55,40,56
722,722,180,120,21.0,7.6,30,35,81
723,723,240,185,50.0,2.9,15,22,63
724,724,230,120,32.8,3.1,12,33,89
725,725,240,220,20.1,4.4,37,17,67
726,726,220,115,55.0,3.4,58,23,72
727,727,240,185,26.1,3.0,31,14,74
728,728,290,135,13.7,5.0,24,10,74
729,729,300,175,18.6,4.2,34,35,62
730,730,260,200,33.8,5.3,12,25,88
731,731,250,160,25.4,1.5,52,33,72
732,732,370,125,40.3,3.4,32,55,74
733,733,290,175,34.7,1.8,43,22,89
734,734,240,125,20.7,2.3,44,33,85
735,735,240,110,23.7,9.5,52,42,68
736,736,260,200,18.7,2.1,22,40,91
737,737,370,185,100.0,4.3,44,36,72
738,738,220,120,50.0,3.6,23,14,87
739,739,360,130,17.0,3.0,18,13,62
740,740,500,130,18.7,1.5,47,38,90
741,741,240,150,26.1,1.0,28,38,92
742,742,300,135,30.7,4.7,45,40,82
743,743,310,110,41.9,1.5,40,8,66
744,744,310,110,22.3,3.4,23,20,64
745,745,290,140,31.5,4.0,21,10,87
746,746,310,170,29.7,4.5,35,10,85
747,747,500,200,33.5,4.1,50,12,88
748,748,310,160,100.0,5.0,19,19,75
749,749,210,110,48.2,2.7,59,23,73
750,750,280,175,24.3,7.1,12,15,92
751,751,290,160,33.8,2.8,26,30,81
752,752,330,200,19.1,4.6,21,21,93
753,753,270,140,43.1,6.0,12,42,65
754,754,210,140,15.7,2.9,14,32,85
755,755,290,110,21.9,3.4,26,12,92
756,756,300,140,34.7,2.3,20,12,67
757,757,220,95,28.0,4.0,10,12,72
758,758,250,175,60.3,4.4,12,45,80
759,759,220,110,15.5,4.0,52,30,69
760,760,300,175,23.7,2.3,15,20,68
761,761,270,155,36.7,6.1,12,40,69
762,762,290,140,15.7,1.5,50,11,83
763,763,360,155,17.9,4.8,54,40,89
764,764,400,80,26.1,2.5,15,29,68
765,765,300,125,19.2,7.0,40,62,88
766,766,150,195,22.3,1.2,11,12,78
767,767,280,165,40.3,9.5,15,30,77
768,768,360,175,33.5,4.7,24,55,76
769,769,220,180,32.8,2.5,23,50,83
770,770,280,140,24.3,7.0,33,35,81
771,771,300,150,27.8,5.0,36,20,60
772,772,370,130,20.5,7.2,35,30,77
773,773,240,160,15.2,1.0,30,10,67
774,774,270,200,45.7,6.8,12,18,88
775,775,310,115,55.6,9.5,34,20,78
776,776,260,140,35.8,2.6,44,22,63
777,777,250,125,23.7,5.0,17,30,64
778,778,410,160,28.3,3.0,24,27,82
779,779,300,140,48.5,3.7,55,18,86
780,780,380,180,12.4,8.0,15,8,78
781,781,350,170,55.0,3.8,58,50,84
782,782,360,170,28.0,5.4,16,46,92
783,783,290,125,23.7,6.2,15,19,81
784,784,150,160,42.5,3.0,22,38,73
785,785,280,135,24.3,5.0,45,12,61
786,786,500,250,32.1,1.9,21,45,75
787,787,250,130,50.0,5.5,35,11,69
788,788,290,100,12.4,3.9,22,27,91
789,789,450,160,65.3,2.5,37,29,59
790,790,180,120,22.3,3.8,21,38,59
791,791,420,180,19.7,1.8,40,33,70
792,792,310,140,20.1,4.7,10,22,83
793,793,230,140,32.8,5.3,22,40,74
794,794,340,225,49.6,4.9,46,34,66
795,795,310,220,30.2,3.9,15,15,90
796,796,320,160,22.6,6.8,24,11,49
797,797,210,130,12.4,3.0,55,55,78
798,798,270,120,20.5,5.0,23,20,79
799,799,400,180,42.5,2.2,48,48,73
800,800,320,160,25.4,4.3,23,30,83
801,801,410,115,30.7,2.5,20,18,87
802,802,250,185,20.0,3.6,21,15,62
803,803,150,250,19.2,3.2,10,22,91
804,804,250,110,29.7,4.2,22,14,63
805,805,200,110,20.7,2.5,44,29,95
806,806,290,160,18.6,5.9,46,34,72
807,807,310,90,50.1,6.0,50,39,89
808,808,350,195,20.5,4.4,54,30,86
809,809,300,155,14.8,3.6,20,12,89
810,810,250,140,25.4,3.3,28,42,82
811,811,400,130,49.6,3.8,50,15,61
812,812,290,175,20.0,2.1,25,18,69
813,813,330,210,15.7,2.9,55,30,62
814,814,210,145,35.8,1.8,42,28,56
815,815,290,85,45.1,5.8,29,55,75
816,816,300,140,17.2,3.4,33,18,69
817,817,350,195,30.2,3.0,46,20,87
818,818,330,125,21.9,5.9,15,15,63
819,819,210,140,20.1,3.9,33,30,82
820,820,410,115,49.6,6.2,18,39,68
821,821,390,190,39.7,5.7,18,10,49
822,822,150,175,20.6,1.8,32,28,70
823,823,260,125,52.1,1.6,59,24,72
824,824,250,135,48.2,2.8,20,45,77
825,825,290,200,17.0,6.0,58,10,70
826,826,150,150,10.9,6.7,20,40,82
827,827,360,200,39.7,5.3,52,10,81
828,828,280,150,24.5,3.4,29,48,86
829,829,200,140,16.8,2.7,45,46,77
830,830,370,110,26.1,2.2,12,55,89
831,831,240,160,25.1,4.1,58,38,91
832,832,330,145,26.1,3.4,46,34,79
833,833,350,250,30.2,2.8,60,8,81
834,834,290,170,10.4,5.3,39,29,81
835,835,350,150,28.3,6.8,39,11,62
836,836,370,135,45.7,3.0,18,17,88
837,837,360,185,24.3,7.0,27,14,93
838,838,410,110,19.7,3.0,38,17,67
839,839,340,145,15.5,2.2,30,15,74
840,840,290,200,15.7,4.5,55,42,91
841,841,290,145,48.2,5.3,55,50,93
842,842,240,140,17.2,2.6,34,11,56
843,843,370,160,20.6,6.7,32,35,53
844,844,210,80,60.3,2.8,55,10,89
845,845,370,140,15.3,6.7,34,22,81
846,846,390,140,45.1,1.0,50,28,62
847,847,260,150,17.8,1.4,11,50,61
848,848,290,125,26.8,3.8,29,25,61
849,849,420,130,65.3,3.0,60,28,88
850,850,210,130,26.1,2.1,27,30,91
851,851,390,140,24.7,5.3,11,32,86
852,852,420,140,20.6,3.9,15,40,74
853,853,370,180,36.7,2.4,12,17,76
854,854,250,125,27.8,2.4,15,11,92
855,855,290,130,20.0,1.5,15,39,74
856,856,250,135,30.2,2.9,43,27,54
857,857,270,140,20.0,3.2,41,12,64
858,858,290,85,19.5,1.5,32,24,61
859,859,320,125,17.9,1.5,50,33,64
860,860,290,155,18.7,1.4,23,18,82
861,861,290,155,42.5,3.4,11,29,87
862,862,230,195,17.8,4.8,43,30,68
863,863,390,160,19.7,3.4,33,22,73
864,864,310,145,55.0,4.1,54,20,84
865,865,240,225,25.4,5.0,52,55,65
866,866,390,150,50.0,3.2,30,8,92
867,867,450,135,14.2,3.0,50,50,63
868,868,330,200,24.7,4.1,45,28,85
869,869,290,115,65.8,7.1,34,38,85
870,870,360,210,28.0,4.1,55,14,90
871,871,330,125,51.9,2.5,33,22,81
872,872,350,125,24.5,4.5,37,12,76
873,873,420,130,15.5,2.9,27,18,85
874,874,290,105,26.8,1.1,13,36,87
875,875,410,115,17.2,3.0,12,27,61
876,876,220,160,31.4,4.5,32,40,81
877,877,350,150,23.7,4.8,29,39,78
878,878,210,140,12.4,5.4,39,55,49
879,879,250,130,23.4,2.9,29,22,76
880,880,410,160,17.8,4.7,15,14,78
881,881,280,195,24.5,2.7,20,50,73
882,882,270,200,20.5,6.0,48,62,66
883,883,350,90,17.9,1.8,22,39,70
884,884,220,160,32.8,3.9,22,34,92
885,885,250,135,58.0,7.5,44,11,85
886,886,400,85,16.4,5.0,12,60,78
887,887,250,80,22.4,4.1,15,21,81
888,888,330,125,24.5,5.4,23,10,58
889,889,220,95,20.5,4.9,15,22,81
890,890,270,135,28.4,3.4,18,37,88
891,891,410,225,24.5,2.0,22,5,76
892,892,250,170,48.5,2.2,44,27,73
893,893,340,180,65.8,5.2,19,18,64
894,894,380,155,26.1,3.4,44,12,55
895,895,180,125,20.1,2.3,43,12,82
896,896,410,180,23.7,3.2,50,38,88
897,897,500,160,14.3,2.1,42,18,59
898,898,220,180,20.7,6.5,30,35,61
899,899,290,185,16.4,5.6,50,18,49
900,900,300,100,26.8,5.4,29,20,54
901,901,250,160,22.4,3.9,49,40,76
902,902,370,85,36.7,3.4,39,24,87
903,903,280,140,19.1,2.5,22,14,66
904,904,230,145,27.8,2.3,41,23,85
905,905,320,130,65.3,3.9,22,17,88
906,906,250,150,14.3,5.5,55,13,60
907,907,400,200,19.8,2.8,38,14,89
908,908,290,200,33.5,6.1,45,10,71
909,909,250,85,16.4,6.8,58,20,53
910,910,310,130,11.7,3.1,10,46,94
911,911,270,185,50.0,7.1,47,30,68
912,912,410,110,20.7,4.8,50,14,94
913,913,260,145,19.2,3.2,11,8,78
914,914,150,125,23.7,2.4,10,11,76
915,915,270,130,21.4,6.0,27,35,86
916,916,350,160,22.3,4.9,12,34,92
917,917,340,170,14.3,2.5,19,20,54
918,918,270,120,60.3,7.1,43,18,81
919,919,310,200,19.2,1.8,33,37,73
920,920,330,95,49.6,6.0,39,48,74
921,921,330,180,20.0,4.0,23,35,81
922,922,300,140,20.0,1.6,12,38,74
923,923,450,160,13.7,2.3,30,45,90
924,924,310,145,31.5,3.8,25,28,76
925,925,400,110,19.5,3.3,20,27,87
926,926,300,175,22.3,2.8,10,35,68
927,927,210,80,24.3,4.0,34,35,68
928,928,420,120,49.6,2.2,21,38,85
929,929,290,220,15.7,2.1,55,14,76
930,930,280,135,58.0,3.3,48,42,85
931,931,210,110,22.1,7.2,20,22,79
932,932,290,140,28.0,5.7,44,20,90
933,933,350,125,21.0,1.2,42,12,82
934,934,180,175,51.9,1.2,20,60,80
935,935,220,145,48.5,3.8,36,27,53
936,936,280,175,51.9,1.6,38,18,64
937,937,360,120,33.5,5.4,48,35,75
938,938,220,90,48.2,2.7,35,38,54
939,939,150,175,58.0,3.3,15,50,82
940,940,390,130,38.1,2.1,30,15,75
941,941,290,140,41.9,4.5,34,27,88
942,942,340,200,30.2,3.1,41,5,59
943,943,280,130,20.6,6.1,34,60,82
944,944,180,175,40.3,5.6,40,13,87
945,945,350,145,20.0,4.0,15,10,78
946,946,320,110,15.2,5.2,55,45,93
947,947,310,155,22.3,6.8,12,18,82
948,948,360,220,39.7,3.9,27,25,70
949,949,370,155,26.8,3.0,38,45,53
950,950,410,105,24.5,5.0,30,62,80
951,951,210,175,20.0,2.0,23,46,72
952,952,270,155,18.1,5.2,46,55,62
953,953,230,125,55.6,4.9,15,11,82
954,954,300,140,17.8,2.9,18,23,61
955,955,340,210,23.4,6.7,28,14,55
956,956,380,140,18.2,4.5,15,5,66
957,957,270,115,23.7,4.3,39,36,61
958,958,300,130,25.1,2.8,32,17,63
959,959,290,105,10.4,4.6,36,19,94
960,960,350,160,35.6,3.2,32,12,83
961,961,220,160,19.2,6.5,33,42,93
962,962,310,125,16.4,5.5,22,45,78
963,963,400,85,12.5,2.5,55,62,55
964,964,390,155,43.1,6.0,43,12,66
965,965,390,135,39.7,3.1,39,8,61
966,966,200,155,43.1,4.0,12,40,62
967,967,390,90,31.4,4.9,23,22,54
968,968,220,180,58.0,3.4,55,30,79
969,969,350,200,50.1,5.2,36,35,66
970,970,300,110,19.1,5.2,13,18,77
971,971,250,125,29.7,5.7,18,35,72
972,972,270,150,20.5,5.1,59,30,68
973,973,370,130,43.1,3.2,12,60,91
974,974,290,130,20.7,2.8,19,22,81
975,975,450,140,25.4,2.3,30,40,66
976,976,220,195,30.2,6.5,40,22,94
977,977,150,140,30.2,5.3,16,19,90
978,978,390,155,23.7,4.9,25,39,92
979,979,360,130,45.7,4.7,28,25,71
980,980,210,140,18.6,5.0,49,22,55
981,981,310,145,65.8,4.2,33,45,73
982,982,230,145,100.0,5.2,55,21,72
983,983,230,125,18.6,8.0,33,50,75
984,984,280,190,19.1,3.9,19,18,85
985,985,290,200,46.2,4.1,14,40,81
986,986,300,85,15.7,4.2,59,48,58
987,987,240,155,28.0,5.8,22,50,83
988,988,150,180,41.9,4.4,10,30,77
989,989,290,200,22.3,2.9,30,17,93
990,990,310,125,22.6,7.0,10,29,62
991,991,300,120,60.0,8.0,24,50,80
992,992,410,130,55.6,5.3,28,42,93
993,993,250,125,48.5,3.3,24,10,86
994,994,400,160,18.4,3.2,42,42,74
995,995,270,90,36.7,4.9,12,18,59
996,996,210,130,19.2,5.5,42,10,71
997,997,280,140,42.5,5.8,44,14,76
998,998,320,150,40.3,4.9,14,12,83
999,999,250,125,55.0,3.4,40,18,68
1000,1000,210,80,15.5,3.0,20,30,64
